"Model","Probability"
"0",0.01748943741607205
"1",0.972183257573626
"2",0.010327305010302025
