"mu","clonalmutations","s1","t1","s2","t2","cellularity","freq1","freq2","scmuts1","scmuts2","weight"
22.03539077623431,228.52078412385296,0.3935104392800757,5.237737984460686,0.3035762842300637,4.681228323611738,0.7191835190140443,0.468,0.321,160.0,143.0,0.002948310823677119
23.137712363564006,219.61589754239293,0.47244354413294903,5.393494355708763,0.5881776253270486,6.827602681504158,0.71840625966381,0.528,0.321,173.0,219.0,0.007454617973598433
19.05940572960893,274.1481077398509,0.5745796329861859,7.266686374705885,0.29011833686828215,4.806610258268997,0.7039155175658789,0.415,0.326,192.0,127.0,0.0033449525007746774
20.139943887665588,297.84429034606455,0.16760219249951117,3.5458591603991403,0.5187697810165142,8.202037855872758,0.7014876726241132,0.421,0.183,99.0,229.0,0.004771825891870814
23.32827027575552,260.5518975715061,0.21816142951999792,4.14349484968105,-0.09453000942218294,0.0,0.715253382914219,0.437,0.181,134.0,0.0,0.004838723935742467
21.684955552444805,289.65283280254,0.33145775096504365,4.623818808357143,0.24982895063350463,4.191375322683454,0.7027162858961356,0.478,0.301,139.0,126.0,0.007157738837806213
21.940346608316514,294.8643043730999,0.21914184352751112,4.208342022358704,0.029379429113648853,2.5973360919245128,0.6955320597597621,0.437,0.167,128.0,79.0,0.011142117336992156
19.31292040050623,271.21433419322096,0.4379902401437296,6.648391645406054,-0.04866856700518183,0.0,0.7096797245291575,0.352,0.308,178.0,0.0,0.005493255984144052
23.24812008311553,261.1163796000433,0.2715079873128984,4.188808166503357,0.38384247824958895,5.429936512133981,0.7152824922465109,0.388,0.387,135.0,175.0,0.004901972820920323
