"mu","clonalmutations","cellularity","weight"
20.544838442444373,409.5726435111495,0.6779805178162323,0.005604772451503355
25.167357519204998,365.1294197329938,0.6841721874599014,0.006661562656663022
20.63567123533918,395.3959888579708,0.6675225597115597,0.005223102307905671
