"mu","clonalmutations","cellularity","weight"
23.336801346866267,331.4616453659688,0.6861871556828294,2.6181357649132222e-5
