"mu","clonalmutations","cellularity","weight"
22.833423560446757,373.15375150749037,0.6678932736805507,0.0026781516893844624
20.310798415716626,371.60356461795374,0.690505361540423,0.007628261545965205
22.757950944875937,369.6670698357302,0.6772012895943017,0.0015179287518681064
