"Model","Probability"
"0",0.9996392494766643
"1",0.00035146755371484405
"2",9.282969620896429e-6
