"Model","Probability"
"0",0.2842071583624
"1",0.7157928416376
