"Model","Probability"
"0",0.0030169415753239317
"1",0.8025914359145159
"2",0.19439162251016018
