"Model","Probability"
"0",0.1518492740175712
"1",0.4587870774611393
"2",0.38936364852128935
