"Model","Probability"
"0",0.004305969883364142
"1",0.9956940301166358
