"Model","Probability"
"0",0.05630833882171681
"1",0.9436916611782831
