"Model","Probability"
"0",0.3116119138842982
"1",0.6363345700101755
"2",0.052053516105526255
