"Model","Probability"
"0",0.1937473820785142
"1",0.8062526179214862
