"Model","Probability"
"0",0.0001034945392235404
"1",0.9998965054607765
