"mu","clonalmutations","cellularity","weight"
22.557584748713527,377.6479843662011,0.6530379190943282,0.0030169415753239317
