"Model","Probability"
"0",0.018815447130771917
"1",0.9811845528692282
