"Model","Probability"
"0",0.011824341987217773
"1",0.988175658012782
