"mu","clonalmutations","cellularity","weight"
22.560435583430735,374.2921268077885,0.6808716418809313,0.0012967106645825328
22.654471095669756,356.4681151102,0.6753951653301398,0.0012104032656983202
22.129303539020597,377.58741267477956,0.6833882368478295,0.0012967106645825328
23.73259746723472,358.29151376122377,0.6802551156739955,0.0005021452885007557
