"mu","clonalmutations","cellularity","weight"
23.237100398775958,313.5452496538847,0.6961030229306658,0.0001034945392235404
