"Model","Probability"
"0",2.6181357649132222e-5
"1",0.999973818642351
