"Model","Probability"
"0",0.6090435468871467
"1",0.39095645311285343
