"Model","Probability"
"0",0.45911903019015
"1",0.5408809698098499
