"Model","Probability"
"0",0.28741931472017085
"1",0.7125806852798288
