"Model","Probability"
"0",0.2996081013387154
"1",0.49180936231097694
"2",0.20858253635030793
