"Model","Probability"
"0",0.4707971244900926
"1",0.4121616636633737
"2",0.11704121184653377
