"Model","Probability"
"0",0.4321172504418065
"1",0.5678827495581934
