"Model","Probability"
"0",0.2741333456821328
"1",0.4283349250405735
"2",0.29753172927729354
