"Model","Probability"
"0",0.3823559563876436
"1",0.3973254885570189
"2",0.22031855505533746
