"Model","Probability"
"0",0.5169897462693623
"1",0.48301025373063794
