"Model","Probability"
"0",0.4051105132282677
"1",0.5948894867717324
