"Model","Probability"
"0",0.25423917920052036
"1",0.7457608207994799
