"Model","Probability"
"0",0.9568662806798423
"1",0.04313371932015758
