"Model","Probability"
"0",0.9597557429608885
"1",0.040244257039111574
