"Model","Probability"
"0",0.9430846515653936
"1",0.0569153484346064
