"mu","clonalmutations","s","t","cellularity","freq","scmuts","weight"
17.27707807176632,230.19307028474697,0.5287317763027298,3.7994054369482213,0.718421187507407,0.948,91.0,0.006803671093622987
19.028649568789703,128.8607805182629,0.8392310444455933,6.74771260960714,0.7279249062912136,0.919,178.0,0.032242345162709726
16.801863557053967,190.08229391572698,0.722056627298992,5.58123670861574,0.7181658475394058,0.938,130.0,0.01279230950403457
19.95021807150526,213.51715208781374,0.4736266042259897,3.651894896775712,0.7135066927417112,0.934,101.0,0.013716172590062841
