"Model","Probability"
"0",0.9654887021595706
"1",0.032236844585723
"2",0.002274453254706347
