"Model","Probability"
"0",0.9306012880298783
"1",0.06555449835043013
"2",0.0038442136196915533
