"mu","clonalmutations","s1","t1","s2","t2","cellularity","freq1","freq2","scmuts1","scmuts2","weight"
17.945842037451886,182.08052501020805,0.7226989382431326,5.908782952844661,0.4649120928756987,6.1097619648461805,0.7307021707754618,0.845,0.082,147.0,152.0,0.0007678058629208423
18.91691562789048,183.32893442401723,0.37675038389945475,4.766550838902027,0.19310781790726939,1.0295749812028379,0.7145623370378708,0.9139999999999999,0.733,125.0,27.0,0.0005982250192417793
18.631935118463105,199.0327090321889,0.4395517584081325,3.5231243530576717,0.04696317499898906,0.8517443490908657,0.722438963795938,0.9309999999999999,0.118,91.0,22.0,0.0009084223725437253
