"mu","clonalmutations","s","t","cellularity","freq","scmuts","weight"
17.44293615200664,226.8530632401458,0.18883196921955353,3.426788683041604,0.7001055506039109,0.77587890625,110.0,0.003536564199970248
18.12676728201683,184.24235583801007,0.2792060687345857,3.5446602302965697,0.7079019153818069,0.927734375,126.0,0.0013262115749888325
17.69931863444596,217.5187253343562,0.337454514045003,4.302467751191392,0.7036141327198357,0.943359375,103.0,0.0017682820999851167
