"Model","Probability"
"0",0.9933689421250554
"1",0.006631057874944198
