"Model","Probability"
"0",0.8990232853681468
"1",0.10097671463185323
