"Model","Probability"
"0",0.9393463321208624
"1",0.060653667879137785
