"Model","Probability"
"0",0.10148566047272592
"1",0.619699727543302
"2",0.27881461198397234
