"Model","Probability"
"0",0.006489628611575675
"1",0.6647108900849545
"2",0.32879948130346975
