"mu","clonalmutations","cellularity","weight"
26.688720915776578,218.77920855514975,0.7435397611553012,0.011237277604835597
23.60162485855392,250.24341173362816,0.7194435447515108,0.009460063818168673
25.181849890492096,227.07566987780157,0.7268533926818356,0.010701893763285435
22.21692475495011,246.53537181616252,0.7150846830473686,0.009460063818168673
28.125111764440472,207.29476963122966,0.7445119937809278,0.013956054596288202
28.037654441007895,236.47840108951846,0.7206173779612185,0.012643717902613847
25.884252680509448,230.3760175161091,0.6994729055336525,0.012809167136589663
22.866504137695244,242.13721557385696,0.7009934528553268,0.011448206965264175
21.929767712492296,245.49995828376933,0.7202952106689702,0.00976921486751165
